,Unnamed: 0,grid_type,game_id,game_event_id,player_id,player_name,team_id,team_name,period,minutes_remaining,seconds_remaining,event_type,action_type,shot_type,shot_zone_basic,shot_zone_area,shot_zone_range,shot_distance,loc_x,loc_y,shot_attempted_flag,shot_made_flag,game_date,htm,vtm,season_type,time,SCOREMARGIN,homeTeam,defender_id,defender_name,defender_x_loc,defender_y_loc,defender_distance
0,0,Shot Chart Detail,21500003,6,201939,Stephen Curry,1610612744,Golden State Warriors,1,10,56,Made Shot,Cutting Finger Roll Layup Shot,2PT Field Goal,Restricted Area,Center(C),Less Than 8 ft.,3,7,25,1,1,20151027,GSW,NOP,Regular,0021500003:1:10:56,3,1.0,201967.0,Dante Cunningham,7.36032,30.36241,4.713737928247604
1,1,Shot Chart Detail,21500003,9,201939,Stephen Curry,1610612744,Golden State Warriors,1,10,29,Missed Shot,Jump Shot,3PT Field Goal,Above the Break 3,Left Side Center(LC),24+ ft.,26,30,40,1,0,20151027,GSW,NOP,Regular,0021500003:1:10:29,3,1.0,203076.0,Anthony Davis,34.04996,36.92485,5.098999984124334
2,2,Shot Chart Detail,21500003,14,201939,Stephen Curry,1610612744,Golden State Warriors,1,9,34,Missed Shot,Layup Shot,2PT Field Goal,Restricted Area,Center(C),Less Than 8 ft.,2,18,10,1,0,20151027,GSW,NOP,Regular,0021500003:1:9:34,-2,1.0,201967.0,Dante Cunningham,6.18037,25.1473,18.624775867658112
3,3,Shot Chart Detail,21500003,19,201939,Stephen Curry,1610612744,Golden State Warriors,1,9,13,Made Shot,Jump Shot,3PT Field Goal,Above the Break 3,Left Side Center(LC),24+ ft.,27,48,36,1,1,20151027,GSW,NOP,Regular,0021500003:1:9:13,3,1.0,101126.0,Nate Robinson,31.96091,35.11213,16.23910766262728
4,4,Shot Chart Detail,21500003,36,201939,Stephen Curry,1610612744,Golden State Warriors,1,7,11,Made Shot,Running Layup Shot,2PT Field Goal,Restricted Area,Center(C),Less Than 8 ft.,0,7,40,1,1,20151027,GSW,NOP,Regular,0021500003:1:7:11,3,1.0,201967.0,Dante Cunningham,1.56609,26.80233,15.156717975036681
5,5,Shot Chart Detail,21500003,38,201939,Stephen Curry,1610612744,Golden State Warriors,1,6,45,Made Shot,Jump Shot,3PT Field Goal,Above the Break 3,Center(C),24+ ft.,25,37,19,1,1,20151027,GSW,NOP,Regular,0021500003:1:6:45,4,1.0,201569.0,Eric Gordon,39.82846,4.85617,14.537436621306387
6,6,Shot Chart Detail,21500003,46,201939,Stephen Curry,1610612744,Golden State Warriors,1,5,50,Made Shot,Jump Shot,2PT Field Goal,Mid-Range,Left Side Center(LC),16-24 ft.,22,44,37,1,1,20151027,GSW,NOP,Regular,0021500003:1:5:50,6,1.0,2570.0,Kendrick Perkins,34.78059,34.02098,10.181823681335286
7,7,Shot Chart Detail,21500003,55,201939,Stephen Curry,1610612744,Golden State Warriors,1,5,3,Made Shot,Jump Shot,3PT Field Goal,Above the Break 3,Left Side Center(LC),24+ ft.,28,29,40,1,1,20151027,GSW,NOP,Regular,0021500003:1:5:03,7,1.0,202397.0,Ish Smith,28.94602,37.88208,3.055982276977401
8,8,Shot Chart Detail,21500003,68,201939,Stephen Curry,1610612744,Golden State Warriors,1,3,57,Made Shot,Step Back Jump shot,3PT Field Goal,Above the Break 3,Right Side Center(RC),24+ ft.,25,22,5,1,1,20151027,GSW,NOP,Regular,0021500003:1:3:57,12,1.0,203076.0,Anthony Davis,21.39232,5.64533,1.402040595703274
9,9,Shot Chart Detail,21500003,82,201939,Stephen Curry,1610612744,Golden State Warriors,1,3,6,Missed Shot,Jump Shot,3PT Field Goal,Above the Break 3,Left Side Center(LC),24+ ft.,27,41,34,1,0,20151027,GSW,NOP,Regular,0021500003:1:3:06,9,1.0,201582.0,Alexis Ajinca,39.62127,34.95743,2.2067111492898177
10,10,Shot Chart Detail,21500003,88,201939,Stephen Curry,1610612744,Golden State Warriors,1,2,45,Made Shot,Driving Finger Roll Layup Shot,2PT Field Goal,Restricted Area,Center(C),Less Than 8 ft.,2,21,16,1,1,20151027,GSW,NOP,Regular,0021500003:1:2:45,11,1.0,202397.0,Ish Smith,17.53412,35.06423,18.76117953575947
11,11,Shot Chart Detail,21500003,116,201939,Stephen Curry,1610612744,Golden State Warriors,1,0,45,Made Shot,Driving Layup Shot,2PT Field Goal,Restricted Area,Center(C),Less Than 8 ft.,2,6,21,1,1,20151027,GSW,NOP,Regular,0021500003:1:0:45,7,1.0,202397.0,Ish Smith,8.58144,23.38887,3.1140827602522076
12,12,Shot Chart Detail,21500003,127,201939,Stephen Curry,1610612744,Golden State Warriors,1,0,1,Missed Shot,Jump Shot,3PT Field Goal,Above the Break 3,Left Side Center(LC),24+ ft.,39,49,41,1,0,20151027,GSW,NOP,Regular,0021500003:1:0:01,4,1.0,201582.0,Alexis Ajinca,40.59606,34.8027,10.964240155966118
13,13,Shot Chart Detail,21500003,208,201939,Stephen Curry,1610612744,Golden State Warriors,2,6,3,Missed Shot,Jump Shot,3PT Field Goal,Above the Break 3,Right Side Center(RC),24+ ft.,24,16,2,1,0,20151027,GSW,NOP,Regular,0021500003:2:6:03,1,1.0,101126.0,Nate Robinson,14.81551,4.59942,3.001965255661698
14,14,Shot Chart Detail,21500003,221,201939,Stephen Curry,1610612744,Golden State Warriors,2,4,54,Made Shot,Fadeaway Bank shot,2PT Field Goal,Mid-Range,Left Side(L),8-16 ft.,12,12,35,1,1,20151027,GSW,NOP,Regular,0021500003:2:4:54,6,1.0,202087.0,Alonzo Gee,16.27281,31.90839,5.410060179341813
15,15,Shot Chart Detail,21500003,253,201939,Stephen Curry,1610612744,Golden State Warriors,2,2,11,Missed Shot,Jump Shot,3PT Field Goal,Above the Break 3,Right Side Center(RC),24+ ft.,24,15,1,1,0,20151027,GSW,NOP,Regular,0021500003:2:2:11,8,1.0,202397.0,Ish Smith,11.52162,2.80863,3.7407433615392534
16,16,Shot Chart Detail,21500003,261,201939,Stephen Curry,1610612744,Golden State Warriors,2,1,16,Missed Shot,Pullup Jump shot,3PT Field Goal,Above the Break 3,Right Side Center(RC),24+ ft.,25,15,1,1,0,20151027,GSW,NOP,Regular,0021500003:2:1:16,10,1.0,201583.0,Ryan Anderson,17.1949,0.92334,1.863054589269999
17,17,Shot Chart Detail,21500003,277,201939,Stephen Curry,1610612744,Golden State Warriors,2,0,0,Made Shot,Driving Finger Roll Layup Shot,2PT Field Goal,Restricted Area,Center(C),Less Than 8 ft.,1,-3,30,1,1,20151027,GSW,NOP,Regular,0021500003:2:0:00,10,1.0,201569.0,Eric Gordon,1.73733,25.48531,6.598044575251065
18,18,Shot Chart Detail,21500003,302,201939,Stephen Curry,1610612744,Golden State Warriors,3,10,7,Made Shot,Driving Finger Roll Layup Shot,2PT Field Goal,Restricted Area,Center(C),Less Than 8 ft.,1,92,23,1,1,20151027,GSW,NOP,Regular,0021500003:3:10:07,18,1.0,201967.0,Dante Cunningham,86.6711,22.0659,5.658100241892152
19,19,Shot Chart Detail,21500003,333,201939,Stephen Curry,1610612744,Golden State Warriors,3,7,35,Made Shot,Cutting Finger Roll Layup Shot,2PT Field Goal,Restricted Area,Center(C),Less Than 8 ft.,1,92,22,1,1,20151027,GSW,NOP,Regular,0021500003:3:7:35,15,1.0,202397.0,Ish Smith,88.15694,26.11096,5.621260371304639
20,20,Shot Chart Detail,21500003,339,201939,Stephen Curry,1610612744,Golden State Warriors,3,7,14,Missed Shot,Jump Shot,2PT Field Goal,In The Paint (Non-RA),Center(C),Less Than 8 ft.,7,83,23,1,0,20151027,GSW,NOP,Regular,0021500003:3:7:14,14,1.0,201967.0,Dante Cunningham,89.24754,23.53293,6.209260651261149
21,21,Shot Chart Detail,21500003,364,201939,Stephen Curry,1610612744,Golden State Warriors,3,5,19,Missed Shot,Jump Shot,3PT Field Goal,Above the Break 3,Right Side Center(RC),24+ ft.,25,69,46,1,0,20151027,GSW,NOP,Regular,0021500003:3:5:19,15,1.0,201583.0,Ryan Anderson,66.72208,43.29954,4.019354948608045
22,22,Shot Chart Detail,21500003,366,201939,Stephen Curry,1610612744,Golden State Warriors,3,5,13,Missed Shot,Jump Shot,2PT Field Goal,Restricted Area,Center(C),Less Than 8 ft.,3,94,21,1,0,20151027,GSW,NOP,Regular,0021500003:3:5:13,15,1.0,203076.0,Anthony Davis,89.41093,27.37681,7.914534529288504
23,23,Shot Chart Detail,21500003,395,201939,Stephen Curry,1610612744,Golden State Warriors,3,3,23,Made Shot,Jump Shot,3PT Field Goal,Above the Break 3,Right Side Center(RC),24+ ft.,25,67,40,1,1,20151027,GSW,NOP,Regular,0021500003:3:3:23,17,1.0,201583.0,Ryan Anderson,61.11128,36.32914,7.300924417914483
24,24,Shot Chart Detail,21500003,524,201939,Stephen Curry,1610612744,Golden State Warriors,4,5,21,Missed Shot,Floating Jump shot,2PT Field Goal,Mid-Range,Left Side(L),8-16 ft.,12,90,8,1,0,20151027,GSW,NOP,Regular,0021500003:4:5:21,17,1.0,202397.0,Ish Smith,87.06015,18.29507,10.598552905486674
25,25,Shot Chart Detail,21500003,550,201939,Stephen Curry,1610612744,Golden State Warriors,4,2,30,Missed Shot,Driving Layup Shot,2PT Field Goal,Restricted Area,Center(C),Less Than 8 ft.,0,94,29,1,0,20151027,GSW,NOP,Regular,0021500003:4:2:30,15,1.0,2570.0,Kendrick Perkins,88.66452,28.2072,5.592746036081029
26,41,Shot Chart Detail,21500035,45,201939,Stephen Curry,1610612744,Golden State Warriors,1,7,42,Made Shot,Jump Shot,3PT Field Goal,Above the Break 3,Right Side Center(RC),24+ ft.,31,57,44,1,1,20151031,NOP,GSW,Regular,0021500035:1:7:42,-2,0.0,203076.0,Anthony Davis,57.44341,44.67067,0.0
27,42,Shot Chart Detail,21500035,58,201939,Stephen Curry,1610612744,Golden State Warriors,1,6,30,Missed Shot,Jump Shot,3PT Field Goal,Above the Break 3,Center(C),24+ ft.,27,60,27,1,0,20151031,NOP,GSW,Regular,0021500035:1:6:30,TIE,0.0,202397.0,Ish Smith,66.24885,32.87075,7.998237618875799
28,43,Shot Chart Detail,21500035,63,201939,Stephen Curry,1610612744,Golden State Warriors,1,6,10,Made Shot,Jump Shot,2PT Field Goal,Mid-Range,Center(C),16-24 ft.,18,59,24,1,1,20151031,NOP,GSW,Regular,0021500035:1:6:10,TIE,0.0,201950.0,Jrue Holiday,63.96137,33.69671,9.839485536144663
29,44,Shot Chart Detail,21500035,101,201939,Stephen Curry,1610612744,Golden State Warriors,1,4,3,Made Shot,Jump Shot,3PT Field Goal,Above the Break 3,Right Side Center(RC),24+ ft.,29,64,37,1,1,20151031,NOP,GSW,Regular,0021500035:1:4:03,-2,0.0,201962.0,Toney Douglas,65.49854,35.461,2.2731271324983124
30,45,Shot Chart Detail,21500035,123,201939,Stephen Curry,1610612744,Golden State Warriors,1,2,5,Missed Shot,Jump Shot,3PT Field Goal,Above the Break 3,Right Side Center(RC),24+ ft.,26,48,36,1,0,20151031,NOP,GSW,Regular,0021500035:1:2:05,-5,0.0,202397.0,Ish Smith,52.18898,35.26447,4.1747453552642
31,46,Shot Chart Detail,21500035,132,201939,Stephen Curry,1610612744,Golden State Warriors,1,0,53,Missed Shot,Driving Bank shot,2PT Field Goal,In The Paint (Non-RA),Left Side(L),8-16 ft.,10,63,28,1,0,20151031,NOP,GSW,Regular,0021500035:1:0:53,-5,0.0,203076.0,Anthony Davis,55.87,25.70154,8.16829289911301
32,47,Shot Chart Detail,21500035,208,201939,Stephen Curry,1610612744,Golden State Warriors,2,6,51,Made Shot,Floating Jump shot,2PT Field Goal,In The Paint (Non-RA),Center(C),8-16 ft.,9,93,28,1,1,20151031,NOP,GSW,Regular,0021500035:2:6:51,-2,0.0,201582.0,Alexis Ajinca,89.54405,28.61751,4.187875103414619
33,48,Shot Chart Detail,21500035,256,201939,Stephen Curry,1610612744,Golden State Warriors,2,3,47,Missed Shot,Jump Shot,3PT Field Goal,Right Corner 3,Right Side(R),24+ ft.,23,94,47,1,0,20151031,NOP,GSW,Regular,0021500035:2:3:47,-5,0.0,201962.0,Toney Douglas,88.52997,44.3567,7.060348344508216
34,49,Shot Chart Detail,21500035,347,201939,Stephen Curry,1610612744,Golden State Warriors,3,9,53,Missed Shot,Jump Shot,3PT Field Goal,Above the Break 3,Center(C),24+ ft.,26,31,31,1,0,20151031,NOP,GSW,Regular,0021500035:3:9:53,TIE,0.0,201950.0,Jrue Holiday,38.21373,29.90078,6.914349321150905
35,50,Shot Chart Detail,21500035,351,201939,Stephen Curry,1610612744,Golden State Warriors,3,9,12,Made Shot,Jump Shot,3PT Field Goal,Above the Break 3,Left Side Center(LC),24+ ft.,28,36,38,1,1,20151031,NOP,GSW,Regular,0021500035:3:9:12,TIE,0.0,203076.0,Anthony Davis,33.55993,36.04791,3.653938730096607
36,51,Shot Chart Detail,21500035,361,201939,Stephen Curry,1610612744,Golden State Warriors,3,8,5,Made Shot,Jump Shot,3PT Field Goal,Above the Break 3,Left Side Center(LC),24+ ft.,25,56,43,1,1,20151031,NOP,GSW,Regular,0021500035:3:8:05,-5,0.0,202337.0,Luke Babbitt,43.71018,46.38531,12.843658493505652
37,52,Shot Chart Detail,21500035,363,201939,Stephen Curry,1610612744,Golden State Warriors,3,7,40,Made Shot,Jump Shot,3PT Field Goal,Above the Break 3,Left Side Center(LC),24+ ft.,26,36,37,1,1,20151031,NOP,GSW,Regular,0021500035:3:7:40,-6,0.0,203076.0,Anthony Davis,35.40595,34.55483,3.2692873663995905
38,53,Shot Chart Detail,21500035,372,201939,Stephen Curry,1610612744,Golden State Warriors,3,6,30,Made Shot,Jump Shot,2PT Field Goal,Mid-Range,Right Side(R),8-16 ft.,14,81,10,1,1,20151031,NOP,GSW,Regular,0021500035:3:6:30,-9,0.0,202087.0,Alonzo Gee,82.33027,2.18321,8.225211898285663
39,54,Shot Chart Detail,21500035,375,201939,Stephen Curry,1610612744,Golden State Warriors,3,6,15,Missed Shot,Jump Shot,2PT Field Goal,Mid-Range,Left Side Center(LC),16-24 ft.,21,84,8,1,0,20151031,NOP,GSW,Regular,0021500035:3:6:15,-9,0.0,201967.0,Dante Cunningham,84.91318,2.09824,6.877251787720149
40,55,Shot Chart Detail,21500035,383,201939,Stephen Curry,1610612744,Golden State Warriors,3,5,6,Made Shot,Running Finger Roll Layup Shot,2PT Field Goal,Restricted Area,Center(C),Less Than 8 ft.,1,4,25,1,1,20151031,NOP,GSW,Regular,0021500035:3:5:06,-10,0.0,202337.0,Luke Babbitt,7.60394,27.23851,3.632236062606615
41,56,Shot Chart Detail,21500035,396,201939,Stephen Curry,1610612744,Golden State Warriors,3,3,49,Made Shot,Jump Shot,3PT Field Goal,Above the Break 3,Right Side Center(RC),24+ ft.,25,18,-1,1,1,20151031,NOP,GSW,Regular,0021500035:3:3:49,-8,0.0,201962.0,Toney Douglas,20.61338,6.66401,8.440168864862835
42,57,Shot Chart Detail,21500035,407,201939,Stephen Curry,1610612744,Golden State Warriors,3,2,40,Made Shot,Driving Layup Shot,2PT Field Goal,Restricted Area,Center(C),Less Than 8 ft.,2,-1,19,1,1,20151031,NOP,GSW,Regular,0021500035:3:2:40,-8,0.0,202337.0,Luke Babbitt,3.2109,24.59093,6.917769749232769
43,58,Shot Chart Detail,21500035,414,201939,Stephen Curry,1610612744,Golden State Warriors,3,1,34,Made Shot,Layup Shot,2PT Field Goal,Restricted Area,Center(C),Less Than 8 ft.,1,5,9,1,1,20151031,NOP,GSW,Regular,0021500035:3:1:34,-12,0.0,202337.0,Luke Babbitt,0.42838,25.08362,16.424775302091653
44,59,Shot Chart Detail,21500035,418,201939,Stephen Curry,1610612744,Golden State Warriors,3,1,1,Made Shot,Driving Layup Shot,2PT Field Goal,Restricted Area,Center(C),Less Than 8 ft.,1,0,33,1,1,20151031,NOP,GSW,Regular,0021500035:3:1:01,-12,0.0,203076.0,Anthony Davis,1.08363,28.85268,4.578990088764115
45,60,Shot Chart Detail,21500035,421,201939,Stephen Curry,1610612744,Golden State Warriors,3,0,39,Made Shot,Jump Shot,3PT Field Goal,Above the Break 3,Right Side Center(RC),24+ ft.,26,21,3,1,1,20151031,NOP,GSW,Regular,0021500035:3:0:39,-15,0.0,202087.0,Alonzo Gee,22.80678,6.67761,3.4397871745938
46,61,Shot Chart Detail,21500035,426,201939,Stephen Curry,1610612744,Golden State Warriors,3,0,9,Missed Shot,Jump Shot,3PT Field Goal,Above the Break 3,Center(C),24+ ft.,26,33,22,1,0,20151031,NOP,GSW,Regular,0021500035:3:0:09,-14,0.0,201962.0,Toney Douglas,24.1914,29.17541,12.101628909287374
47,62,Shot Chart Detail,21500035,493,201939,Stephen Curry,1610612744,Golden State Warriors,4,6,9,Made Shot,Step Back Jump shot,2PT Field Goal,Mid-Range,Left Side(L),16-24 ft.,16,15,49,1,1,20151031,NOP,GSW,Regular,0021500035:4:6:09,-13,0.0,201569.0,Eric Gordon,10.13992,40.10981,10.929504262518035
48,63,Shot Chart Detail,21500035,495,201939,Stephen Curry,1610612744,Golden State Warriors,4,5,44,Missed Shot,Jump Shot,2PT Field Goal,Mid-Range,Center(C),8-16 ft.,14,23,25,1,0,20151031,NOP,GSW,Regular,0021500035:4:5:44,-13,0.0,201569.0,Eric Gordon,23.83231,27.38397,2.173270460297107
49,64,Shot Chart Detail,21500035,539,201939,Stephen Curry,1610612744,Golden State Warriors,4,3,13,Made Shot,Fadeaway Jump Shot,2PT Field Goal,Mid-Range,Right Side(R),8-16 ft.,12,-1,6,1,1,20151031,NOP,GSW,Regular,0021500035:4:3:13,-13,0.0,201950.0,Jrue Holiday,4.98187,12.66406,9.407981959448051
50,65,Shot Chart Detail,21500035,556,201939,Stephen Curry,1610612744,Golden State Warriors,4,2,11,Made Shot,Jump Shot,3PT Field Goal,Above the Break 3,Left Side Center(LC),24+ ft.,29,37,32,1,1,20151031,NOP,GSW,Regular,0021500035:4:2:11,-12,0.0,202337.0,Luke Babbitt,32.81687,33.92228,5.111022385491966
51,66,Shot Chart Detail,21500035,570,201939,Stephen Curry,1610612744,Golden State Warriors,4,1,0,Missed Shot,Jump Shot,3PT Field Goal,Above the Break 3,Right Side Center(RC),24+ ft.,24,3,-1,1,0,20151031,NOP,GSW,Regular,0021500035:4:1:00,-16,0.0,202337.0,Luke Babbitt,10.11948,0.35225,7.005770296562683
52,67,Shot Chart Detail,21500035,573,201939,Stephen Curry,1610612744,Golden State Warriors,4,0,34,Missed Shot,Jump Shot,2PT Field Goal,Mid-Range,Left Side(L),8-16 ft.,9,0,40,1,0,20151031,NOP,GSW,Regular,0021500035:4:0:34,-13,0.0,203076.0,Anthony Davis,10.09847,36.99222,10.550624785371719
53,68,Shot Chart Detail,21500051,11,201939,Stephen Curry,1610612744,Golden State Warriors,1,10,36,Made Shot,Jump Shot,3PT Field Goal,Above the Break 3,Left Side Center(LC),24+ ft.,28,33,49,1,1,20151102,GSW,MEM,Regular,0021500051:1:10:36,3,1.0,201144.0,Mike Conley,16.61203,47.03953,16.569932324354856
54,69,Shot Chart Detail,21500051,17,201939,Stephen Curry,1610612744,Golden State Warriors,1,9,34,Made Shot,Running Jump Shot,2PT Field Goal,Mid-Range,Left Side Center(LC),16-24 ft.,20,17,35,1,1,20151102,GSW,MEM,Regular,0021500051:1:9:34,4,1.0,201144.0,Mike Conley,18.44787,37.91562,2.538235774411034
55,70,Shot Chart Detail,21500051,29,201939,Stephen Curry,1610612744,Golden State Warriors,1,8,5,Missed Shot,Jump Shot,3PT Field Goal,Above the Break 3,Center(C),24+ ft.,24,41,23,1,0,20151102,GSW,MEM,Regular,0021500051:1:8:05,1,1.0,2754.0,Tony Allen,31.33776,34.94132,15.47712560487896
56,71,Shot Chart Detail,21500051,46,201939,Stephen Curry,1610612744,Golden State Warriors,1,6,14,Missed Shot,Jump Shot,3PT Field Goal,Above the Break 3,Left Side Center(LC),24+ ft.,27,39,37,1,0,20151102,GSW,MEM,Regular,0021500051:1:6:14,TIE,1.0,201584.0,Courtney Lee,28.87248,49.27367,15.749785652192225
57,72,Shot Chart Detail,21500051,108,201939,Stephen Curry,1610612744,Golden State Warriors,1,0,59,Missed Shot,Jump Shot,3PT Field Goal,Above the Break 3,Center(C),24+ ft.,24,31,7,1,0,20151102,GSW,MEM,Regular,0021500051:1:0:59,-3,1.0,2757.0,Beno Udrih,28.89873,12.51632,5.723827330903685
58,73,Shot Chart Detail,21500051,122,201939,Stephen Curry,1610612744,Golden State Warriors,1,0,6,Missed Shot,Jump Shot,2PT Field Goal,Restricted Area,Center(C),Less Than 8 ft.,3,11,22,1,0,20151102,GSW,MEM,Regular,0021500051:1:0:06,-1,1.0,203210.0,JaMychal Green,11.84126,22.27712,0.10679480230797601
59,74,Shot Chart Detail,21500051,225,201939,Stephen Curry,1610612744,Golden State Warriors,2,2,48,Missed Shot,Jump Shot,3PT Field Goal,Above the Break 3,Right Side Center(RC),24+ ft.,26,34,2,1,0,20151102,GSW,MEM,Regular,0021500051:2:2:48,13,1.0,2754.0,Tony Allen,23.86227,1.08984,11.154445234237334
60,75,Shot Chart Detail,21500051,236,201939,Stephen Curry,1610612744,Golden State Warriors,2,2,34,Made Shot,Floating Jump shot,2PT Field Goal,In The Paint (Non-RA),Center(C),Less Than 8 ft.,6,18,14,1,1,20151102,GSW,MEM,Regular,0021500051:2:2:34,13,1.0,201144.0,Mike Conley,19.24261,13.55695,1.123042402405181
61,76,Shot Chart Detail,21500051,289,201939,Stephen Curry,1610612744,Golden State Warriors,3,10,0,Made Shot,Step Back Jump shot,2PT Field Goal,Mid-Range,Right Side(R),16-24 ft.,16,79,46,1,1,20151102,GSW,MEM,Regular,0021500051:3:10:00,21,1.0,2216.0,Zach Randolph,79.74958,40.11642,6.2830696942259046
62,77,Shot Chart Detail,21500051,297,201939,Stephen Curry,1610612744,Golden State Warriors,3,9,5,Made Shot,Step Back Jump shot,3PT Field Goal,Above the Break 3,Left Side Center(LC),24+ ft.,25,66,8,1,1,20151102,GSW,MEM,Regular,0021500051:3:9:05,24,1.0,201144.0,Mike Conley,65.93797,9.10457,0.3841048825516172
63,78,Shot Chart Detail,21500051,313,201939,Stephen Curry,1610612744,Golden State Warriors,3,7,49,Missed Shot,Driving Reverse Layup Shot,2PT Field Goal,Restricted Area,Center(C),Less Than 8 ft.,1,86,21,1,0,20151102,GSW,MEM,Regular,0021500051:3:7:49,29,1.0,203210.0,JaMychal Green,85.0228,25.35927,4.362510673110151
64,79,Shot Chart Detail,21500051,326,201939,Stephen Curry,1610612744,Golden State Warriors,3,6,43,Made Shot,Running Reverse Layup Shot,2PT Field Goal,Restricted Area,Center(C),Less Than 8 ft.,2,77,33,1,1,20151102,GSW,MEM,Regular,0021500051:3:6:43,32,1.0,201584.0,Courtney Lee,78.58881,36.55469,3.6400764832074586
65,80,Shot Chart Detail,21500051,331,201939,Stephen Curry,1610612744,Golden State Warriors,3,6,28,Made Shot,Running Reverse Layup Shot,2PT Field Goal,Restricted Area,Center(C),Less Than 8 ft.,2,83,45,1,1,20151102,GSW,MEM,Regular,0021500051:3:6:28,35,1.0,203210.0,JaMychal Green,90.73044,29.04042,18.356195359567295
66,81,Shot Chart Detail,21500051,339,201939,Stephen Curry,1610612744,Golden State Warriors,3,5,32,Made Shot,Jump Shot,3PT Field Goal,Above the Break 3,Right Side Center(RC),24+ ft.,25,79,47,1,1,20151102,GSW,MEM,Regular,0021500051:3:5:32,36,1.0,2440.0,Matt Barnes,89.1108,45.76824,9.326192950357605
67,82,Shot Chart Detail,21500051,344,201939,Stephen Curry,1610612744,Golden State Warriors,3,4,58,Made Shot,Jump Shot,3PT Field Goal,Right Corner 3,Right Side(R),24+ ft.,22,90,51,1,1,20151102,GSW,MEM,Regular,0021500051:3:4:58,39,1.0,201144.0,Mike Conley,90.07874,51.97074,0.0
68,83,Shot Chart Detail,21500051,380,201939,Stephen Curry,1610612744,Golden State Warriors,3,2,33,Made Shot,Floating Jump shot,2PT Field Goal,In The Paint (Non-RA),Center(C),8-16 ft.,9,80,22,1,1,20151102,GSW,MEM,Regular,0021500051:3:2:33,42,1.0,201188.0,Marc Gasol,87.95433,24.41249,7.841500639903052
69,84,Shot Chart Detail,21500069,5,201939,Stephen Curry,1610612744,Golden State Warriors,1,11,17,Made Shot,Jump Shot,3PT Field Goal,Above the Break 3,Center(C),24+ ft.,25,53,25,1,1,20151104,GSW,LAC,Regular,0021500069:1:11:17,1,1.0,202362.0,Lance Stephenson,47.54668,42.80727,17.8164489038669
70,85,Shot Chart Detail,21500069,164,201939,Stephen Curry,1610612744,Golden State Warriors,2,9,42,Made Shot,Jump Shot,3PT Field Goal,Above the Break 3,Left Side Center(LC),24+ ft.,26,38,36,1,1,20151104,GSW,LAC,Regular,0021500069:2:9:42,13,1.0,203085.0,Austin Rivers,22.80959,22.18071,20.679593838187444
71,86,Shot Chart Detail,21500069,195,201939,Stephen Curry,1610612744,Golden State Warriors,2,7,56,Made Shot,Jump Shot,3PT Field Goal,Above the Break 3,Left Side Center(LC),24+ ft.,29,29,10,1,1,20151104,GSW,LAC,Regular,0021500069:2:7:56,17,1.0,101108.0,Chris Paul,25.534,10.59855,3.8787634991063844
72,87,Shot Chart Detail,21500069,206,201939,Stephen Curry,1610612744,Golden State Warriors,2,6,57,Missed Shot,Jump Shot,2PT Field Goal,Mid-Range,Right Side Center(RC),16-24 ft.,18,11,23,1,0,20151104,GSW,LAC,Regular,0021500069:2:6:57,15,1.0,201599.0,DeAndre Jordan,11.78554,23.38988,0.0
73,88,Shot Chart Detail,21500069,219,201939,Stephen Curry,1610612744,Golden State Warriors,2,5,57,Missed Shot,Pullup Jump shot,3PT Field Goal,Left Corner 3,Left Side(L),24+ ft.,23,4,51,1,0,20151104,GSW,LAC,Regular,0021500069:2:5:57,13,1.0,101108.0,Chris Paul,6.55336,37.02732,14.728505362639478
74,89,Shot Chart Detail,21500069,248,201939,Stephen Curry,1610612744,Golden State Warriors,2,2,8,Made Shot,Step Back Jump shot,3PT Field Goal,Above the Break 3,Center(C),24+ ft.,25,30,14,1,1,20151104,GSW,LAC,Regular,0021500069:2:2:08,7,1.0,201933.0,Blake Griffin,28.57833,20.45556,6.795980492143865
75,90,Shot Chart Detail,21500069,289,201939,Stephen Curry,1610612744,Golden State Warriors,3,10,39,Missed Shot,Running Pull-Up Jump Shot,2PT Field Goal,Mid-Range,Right Side Center(RC),16-24 ft.,16,73,30,1,0,20151104,GSW,LAC,Regular,0021500069:3:10:39,6,1.0,200755.0,JJ Redick,68.78796,33.46078,5.400970563935705
76,91,Shot Chart Detail,21500069,316,201939,Stephen Curry,1610612744,Golden State Warriors,3,7,49,Missed Shot,Jump Shot,3PT Field Goal,Above the Break 3,Right Side Center(RC),24+ ft.,30,53,37,1,0,20151104,GSW,LAC,Regular,0021500069:3:7:49,7,1.0,201933.0,Blake Griffin,60.44201,40.14808,7.827548192710154
77,92,Shot Chart Detail,21500069,331,201939,Stephen Curry,1610612744,Golden State Warriors,3,6,56,Missed Shot,Layup Shot,2PT Field Goal,Restricted Area,Center(C),Less Than 8 ft.,0,77,19,1,0,20151104,GSW,LAC,Regular,0021500069:3:6:56,7,1.0,203085.0,Austin Rivers,76.58992,21.53441,1.9765027207165677
78,93,Shot Chart Detail,21500069,361,201939,Stephen Curry,1610612744,Golden State Warriors,3,3,38,Missed Shot,Jump Shot,3PT Field Goal,Above the Break 3,Center(C),24+ ft.,25,58,10,1,0,20151104,GSW,LAC,Regular,0021500069:3:3:38,4,1.0,203085.0,Austin Rivers,69.41233,18.45163,13.4390910555811
79,94,Shot Chart Detail,21500069,367,201939,Stephen Curry,1610612744,Golden State Warriors,3,3,0,Missed Shot,Jump Shot,2PT Field Goal,In The Paint (Non-RA),Center(C),8-16 ft.,8,72,24,1,0,20151104,GSW,LAC,Regular,0021500069:3:3:00,4,1.0,201599.0,DeAndre Jordan,76.26715,18.21972,7.3728003338351735
80,95,Shot Chart Detail,21500069,370,201939,Stephen Curry,1610612744,Golden State Warriors,3,2,35,Missed Shot,Jump Shot,3PT Field Goal,Above the Break 3,Right Side Center(RC),24+ ft.,26,69,47,1,0,20151104,GSW,LAC,Regular,0021500069:3:2:35,2,1.0,202362.0,Lance Stephenson,60.57232,42.6153,10.106027112461165
81,96,Shot Chart Detail,21500069,472,201939,Stephen Curry,1610612744,Golden State Warriors,4,5,32,Made Shot,Step Back Jump shot,3PT Field Goal,Above the Break 3,Left Side Center(LC),24+ ft.,24,63,10,1,1,20151104,GSW,LAC,Regular,0021500069:4:5:32,1,1.0,201599.0,DeAndre Jordan,63.79072,10.18881,0.3042679044855066
82,97,Shot Chart Detail,21500069,478,201939,Stephen Curry,1610612744,Golden State Warriors,4,4,56,Made Shot,Jump Shot,3PT Field Goal,Above the Break 3,Right Side Center(RC),24+ ft.,26,66,30,1,1,20151104,GSW,LAC,Regular,0021500069:4:4:56,4,1.0,101108.0,Chris Paul,70.65035,28.60855,4.716367257307259
83,98,Shot Chart Detail,21500069,495,201939,Stephen Curry,1610612744,Golden State Warriors,4,3,34,Missed Shot,Running Jump Shot,2PT Field Goal,Mid-Range,Right Side Center(RC),16-24 ft.,16,84,41,1,0,20151104,GSW,LAC,Regular,0021500069:4:3:34,2,1.0,200755.0,JJ Redick,79.91937,43.13267,4.735483593689239
84,99,Shot Chart Detail,21500069,508,201939,Stephen Curry,1610612744,Golden State Warriors,4,2,36,Made Shot,Jump Shot,2PT Field Goal,Mid-Range,Left Side(L),16-24 ft.,22,85,3,1,1,20151104,GSW,LAC,Regular,0021500069:4:2:36,2,1.0,201599.0,DeAndre Jordan,87.08484,4.39317,2.330138673341141
85,100,Shot Chart Detail,21500069,523,201939,Stephen Curry,1610612744,Golden State Warriors,4,1,8,Made Shot,Running Jump Shot,3PT Field Goal,Above the Break 3,Center(C),24+ ft.,26,61,19,1,1,20151104,GSW,LAC,Regular,0021500069:4:1:08,2,1.0,201599.0,DeAndre Jordan,66.84703,19.71812,5.230967881730882
86,101,Shot Chart Detail,21500083,36,201939,Stephen Curry,1610612744,Golden State Warriors,1,8,17,Missed Shot,Jump Shot,3PT Field Goal,Above the Break 3,Right Side Center(RC),24+ ft.,25,27,11,1,0,20151106,GSW,DEN,Regular,0021500083:1:8:17,10,1.0,203914.0,Gary Harris,15.04005,11.38653,12.860846915821678
87,102,Shot Chart Detail,21500083,48,201939,Stephen Curry,1610612744,Golden State Warriors,1,6,16,Missed Shot,Layup Shot,2PT Field Goal,Restricted Area,Center(C),Less Than 8 ft.,1,5,17,1,0,20151106,GSW,DEN,Regular,0021500083:1:6:16,8,1.0,1626144.0,Emmanuel Mudiay,6.64799,20.12423,3.1107079913421654
88,103,Shot Chart Detail,21500083,58,201939,Stephen Curry,1610612744,Golden State Warriors,1,5,37,Made Shot,Pullup Jump shot,3PT Field Goal,Above the Break 3,Right Side Center(RC),24+ ft.,25,7,0,1,1,20151106,GSW,DEN,Regular,0021500083:1:5:37,12,1.0,2749.0,Jameer Nelson,4.39244,6.65515,6.740032786455864
89,104,Shot Chart Detail,21500083,60,201939,Stephen Curry,1610612744,Golden State Warriors,1,5,12,Missed Shot,Jump Shot,3PT Field Goal,Above the Break 3,Right Side Center(RC),24+ ft.,25,11,-1,1,0,20151106,GSW,DEN,Regular,0021500083:1:5:12,9,1.0,203914.0,Gary Harris,10.96186,1.44171,3.1415756895704425
90,105,Shot Chart Detail,21500083,73,201939,Stephen Curry,1610612744,Golden State Warriors,1,4,8,Made Shot,Jump Shot,3PT Field Goal,Above the Break 3,Left Side Center(LC),24+ ft.,26,31,22,1,1,20151106,GSW,DEN,Regular,0021500083:1:4:08,12,1.0,203115.0,Will Barton,29.38678,8.74982,14.120291278203153
91,106,Shot Chart Detail,21500083,93,201939,Stephen Curry,1610612744,Golden State Warriors,1,2,54,Made Shot,Jump Shot,3PT Field Goal,Above the Break 3,Center(C),24+ ft.,26,28,31,1,1,20151106,GSW,DEN,Regular,0021500083:1:2:54,16,1.0,201568.0,Danilo Gallinari,22.12286,29.14777,7.161558884858798
92,107,Shot Chart Detail,21500083,105,201939,Stephen Curry,1610612744,Golden State Warriors,1,1,54,Missed Shot,Jump Shot,2PT Field Goal,Mid-Range,Right Side(R),8-16 ft.,15,30,30,1,0,20151106,GSW,DEN,Regular,0021500083:1:1:54,14,1.0,200751.0,Randy Foye,11.71007,29.91465,18.825141470621148
93,108,Shot Chart Detail,21500083,118,201939,Stephen Curry,1610612744,Golden State Warriors,1,1,16,Missed Shot,Jump Shot,3PT Field Goal,Right Corner 3,Right Side(R),24+ ft.,23,5,4,1,0,20151106,GSW,DEN,Regular,0021500083:1:1:16,15,1.0,2034.0,Mike Miller,4.23886,5.61323,1.870004178016723
94,109,Shot Chart Detail,21500083,132,201939,Stephen Curry,1610612744,Golden State Warriors,1,0,6,Made Shot,Pullup Jump shot,3PT Field Goal,Above the Break 3,Right Side Center(RC),24+ ft.,26,29,0,1,1,20151106,GSW,DEN,Regular,0021500083:1:0:06,17,1.0,203914.0,Gary Harris,34.3536,8.77176,10.262293335526909
95,110,Shot Chart Detail,21500083,135,201939,Stephen Curry,1610612744,Golden State Warriors,1,0,0,Missed Shot,Jump Shot,3PT Field Goal,Backcourt,Back Court(BC),Back Court Shot,48,56,45,1,0,20151106,GSW,DEN,Regular,0021500083:1:0:00,17,1.0,203914.0,Gary Harris,56.72443,40.58612,5.279930868789856
96,111,Shot Chart Detail,21500083,245,201939,Stephen Curry,1610612744,Golden State Warriors,2,3,13,Made Shot,Running Layup Shot,2PT Field Goal,Restricted Area,Center(C),Less Than 8 ft.,2,10,13,1,1,20151106,GSW,DEN,Regular,0021500083:2:3:13,30,1.0,1626144.0,Emmanuel Mudiay,5.86727,24.64609,12.437826295060566
97,112,Shot Chart Detail,21500083,275,201939,Stephen Curry,1610612744,Golden State Warriors,2,1,6,Made Shot,Pullup Jump shot,3PT Field Goal,Above the Break 3,Right Side Center(RC),24+ ft.,25,21,1,1,1,20151106,GSW,DEN,Regular,0021500083:2:1:06,29,1.0,201568.0,Danilo Gallinari,21.15916,9.34389,8.063175003756275
98,113,Shot Chart Detail,21500083,280,201939,Stephen Curry,1610612744,Golden State Warriors,2,0,25,Made Shot,Turnaround Jump Shot,3PT Field Goal,Above the Break 3,Left Side Center(LC),24+ ft.,25,18,49,1,1,20151106,GSW,DEN,Regular,0021500083:2:0:25,30,1.0,203115.0,Will Barton,20.56916,44.68326,5.532850560570021
99,114,Shot Chart Detail,21500083,294,201939,Stephen Curry,1610612744,Golden State Warriors,3,10,43,Missed Shot,Jump Shot,3PT Field Goal,Above the Break 3,Center(C),24+ ft.,27,58,7,1,0,20151106,GSW,DEN,Regular,0021500083:3:10:43,23,1.0,1626144.0,Emmanuel Mudiay,67.67333,12.5119,10.93466085237673
100,115,Shot Chart Detail,21500083,342,201939,Stephen Curry,1610612744,Golden State Warriors,3,6,3,Missed Shot,Jump Shot,3PT Field Goal,Right Corner 3,Right Side(R),24+ ft.,23,81,47,1,0,20151106,GSW,DEN,Regular,0021500083:3:6:03,21,1.0,1626144.0,Emmanuel Mudiay,82.39717,38.08088,9.311359893941379
101,116,Shot Chart Detail,21500083,344,201939,Stephen Curry,1610612744,Golden State Warriors,3,5,58,Made Shot,Step Back Jump shot,3PT Field Goal,Right Corner 3,Right Side(R),24+ ft.,22,71,43,1,1,20151106,GSW,DEN,Regular,0021500083:3:5:58,24,1.0,1626144.0,Emmanuel Mudiay,80.5116,32.92153,14.100937135382173
102,117,Shot Chart Detail,21500083,351,201939,Stephen Curry,1610612744,Golden State Warriors,3,4,57,Missed Shot,Pullup Jump shot,3PT Field Goal,Left Corner 3,Left Side(L),24+ ft.,23,88,4,1,0,20151106,GSW,DEN,Regular,0021500083:3:4:57,22,1.0,201568.0,Danilo Gallinari,89.35674,1.15271,3.886474170478946
103,118,Shot Chart Detail,21500083,363,201939,Stephen Curry,1610612744,Golden State Warriors,3,3,23,Made Shot,Floating Jump shot,2PT Field Goal,In The Paint (Non-RA),Center(C),8-16 ft.,11,80,24,1,1,20151106,GSW,DEN,Regular,0021500083:3:3:23,18,1.0,1626144.0,Emmanuel Mudiay,74.60083,22.67691,6.409452089227279
104,119,Shot Chart Detail,21500083,367,201939,Stephen Curry,1610612744,Golden State Warriors,3,3,1,Made Shot,Pullup Jump shot,3PT Field Goal,Above the Break 3,Right Side Center(RC),24+ ft.,25,82,50,1,1,20151106,GSW,DEN,Regular,0021500083:3:3:01,21,1.0,203115.0,Will Barton,75.97191,48.99679,7.082482458523998
105,120,Shot Chart Detail,21500083,370,201939,Stephen Curry,1610612744,Golden State Warriors,3,2,28,Made Shot,Driving Reverse Layup Shot,2PT Field Goal,Restricted Area,Center(C),Less Than 8 ft.,1,83,46,1,1,20151106,GSW,DEN,Regular,0021500083:3:2:28,21,1.0,200751.0,Randy Foye,85.61224,28.90145,17.27945504052718
106,121,Shot Chart Detail,21500083,389,201939,Stephen Curry,1610612744,Golden State Warriors,3,0,42,Made Shot,Driving Layup Shot,2PT Field Goal,Restricted Area,Center(C),Less Than 8 ft.,2,58,44,1,1,20151106,GSW,DEN,Regular,0021500083:3:0:42,25,1.0,2749.0,Jameer Nelson,70.62516,38.24438,13.29085677721718
107,122,Shot Chart Detail,21500083,493,201939,Stephen Curry,1610612744,Golden State Warriors,4,3,55,Missed Shot,Step Back Jump shot,3PT Field Goal,Above the Break 3,Center(C),24+ ft.,25,66,28,1,0,20151106,GSW,DEN,Regular,0021500083:4:3:55,13,1.0,201589.0,Darrell Arthur,66.28356,28.45907,0.0
108,123,Shot Chart Detail,21500092,28,201939,Stephen Curry,1610612744,Golden State Warriors,1,8,45,Missed Shot,Jump Shot,3PT Field Goal,Above the Break 3,Left Side Center(LC),24+ ft.,27,35,36,1,0,20151107,SAC,GSW,Regular,0021500092:1:8:45,3,0.0,200765.0,Rajon Rondo,29.26305,37.96914,6.858963675220915
109,124,Shot Chart Detail,21500092,62,201939,Stephen Curry,1610612744,Golden State Warriors,1,5,56,Missed Shot,Jump Shot,2PT Field Goal,Mid-Range,Left Side(L),16-24 ft.,19,35,25,1,0,20151107,SAC,GSW,Regular,0021500092:1:5:56,1,0.0,200765.0,Rajon Rondo,17.5698,22.34237,18.41273543030747
110,125,Shot Chart Detail,21500092,99,201939,Stephen Curry,1610612744,Golden State Warriors,1,3,9,Made Shot,Layup Shot,2PT Field Goal,Restricted Area,Center(C),Less Than 8 ft.,2,9,16,1,1,20151107,SAC,GSW,Regular,0021500092:1:3:09,TIE,0.0,200765.0,Rajon Rondo,11.41892,23.11832,6.518645003257963
111,126,Shot Chart Detail,21500092,121,201939,Stephen Curry,1610612744,Golden State Warriors,1,1,48,Missed Shot,Jump Shot,3PT Field Goal,Above the Break 3,Left Side Center(LC),24+ ft.,26,43,48,1,0,20151107,SAC,GSW,Regular,0021500092:1:1:48,-2,0.0,201956.0,Omri Casspi,30.44281,34.77618,18.54748989944462
112,127,Shot Chart Detail,21500092,124,201939,Stephen Curry,1610612744,Golden State Warriors,1,0,53,Missed Shot,Jump Shot,3PT Field Goal,Left Corner 3,Left Side(L),24+ ft.,24,24,48,1,0,20151107,SAC,GSW,Regular,0021500092:1:0:53,-6,0.0,200765.0,Rajon Rondo,13.0846,37.33837,15.761739241026033
113,128,Shot Chart Detail,21500092,249,201939,Stephen Curry,1610612744,Golden State Warriors,2,1,57,Missed Shot,Jump Shot,3PT Field Goal,Above the Break 3,Right Side Center(RC),24+ ft.,25,25,15,1,0,20151107,SAC,GSW,Regular,0021500092:2:1:57,-8,0.0,201585.0,Kosta Koufos,23.82429,9.52575,6.385529440743343
114,129,Shot Chart Detail,21500092,295,201939,Stephen Curry,1610612744,Golden State Warriors,3,9,37,Made Shot,Jump Shot,2PT Field Goal,Mid-Range,Left Side Center(LC),16-24 ft.,22,79,1,1,1,20151107,SAC,GSW,Regular,0021500092:3:9:37,-6,0.0,200765.0,Rajon Rondo,78.90063,6.32649,4.914402044928761
115,130,Shot Chart Detail,21500092,311,201939,Stephen Curry,1610612744,Golden State Warriors,3,7,51,Made Shot,Floating Jump shot,2PT Field Goal,In The Paint (Non-RA),Center(C),Less Than 8 ft.,7,67,21,1,1,20151107,SAC,GSW,Regular,0021500092:3:7:51,-3,0.0,201585.0,Kosta Koufos,77.44335,19.60217,9.96092405372112
116,131,Shot Chart Detail,21500092,314,201939,Stephen Curry,1610612744,Golden State Warriors,3,7,21,Missed Shot,Jump Shot,3PT Field Goal,Above the Break 3,Right Side Center(RC),24+ ft.,23,64,40,1,0,20151107,SAC,GSW,Regular,0021500092:3:7:21,-1,0.0,200765.0,Rajon Rondo,70.22815,40.94519,5.8405204401149104
117,132,Shot Chart Detail,21500092,329,201939,Stephen Curry,1610612744,Golden State Warriors,3,5,47,Made Shot,Running Layup Shot,2PT Field Goal,Restricted Area,Center(C),Less Than 8 ft.,2,93,24,1,1,20151107,SAC,GSW,Regular,0021500092:3:5:47,-3,0.0,200765.0,Rajon Rondo,87.76652,25.71694,6.112715115298603
118,133,Shot Chart Detail,21500092,333,201939,Stephen Curry,1610612744,Golden State Warriors,3,5,31,Missed Shot,Jump Shot,3PT Field Goal,Right Corner 3,Right Side(R),24+ ft.,23,85,49,1,0,20151107,SAC,GSW,Regular,0021500092:3:5:31,-3,0.0,201158.0,Marco Belinelli,73.49577,43.74448,13.442454254060161
119,134,Shot Chart Detail,21500092,337,201939,Stephen Curry,1610612744,Golden State Warriors,3,5,23,Missed Shot,Jump Shot,3PT Field Goal,Above the Break 3,Right Side Center(RC),24+ ft.,24,78,51,1,0,20151107,SAC,GSW,Regular,0021500092:3:5:23,-3,0.0,202341.0,James Anderson,84.68054,51.80793,6.270944852460431
120,135,Shot Chart Detail,21500092,359,201939,Stephen Curry,1610612744,Golden State Warriors,3,4,9,Made Shot,Driving Layup Shot,2PT Field Goal,Restricted Area,Center(C),Less Than 8 ft.,2,68,20,1,1,20151107,SAC,GSW,Regular,0021500092:3:4:09,-9,0.0,201158.0,Marco Belinelli,70.24915,20.01379,2.087144734439853
121,136,Shot Chart Detail,21500092,370,201939,Stephen Curry,1610612744,Golden State Warriors,3,3,27,Made Shot,Running Layup Shot,2PT Field Goal,Restricted Area,Center(C),Less Than 8 ft.,0,86,26,1,1,20151107,SAC,GSW,Regular,0021500092:3:3:27,-12,0.0,203463.0,Ben McLemore,86.83815,29.08954,2.448665578800013
122,137,Shot Chart Detail,21500092,395,201939,Stephen Curry,1610612744,Golden State Warriors,3,0,20,Missed Shot,Jump Shot,3PT Field Goal,Above the Break 3,Right Side Center(RC),24+ ft.,24,62,35,1,0,20151107,SAC,GSW,Regular,0021500092:3:0:20,-4,0.0,200765.0,Rajon Rondo,70.18026,25.58829,12.519460120053104
123,138,Shot Chart Detail,21500092,467,201939,Stephen Curry,1610612744,Golden State Warriors,4,5,50,Missed Shot,Running Jump Shot,2PT Field Goal,Mid-Range,Right Side(R),8-16 ft.,15,82,23,1,0,20151107,SAC,GSW,Regular,0021500092:4:5:50,1,0.0,1626161.0,Willie Cauley-Stein,80.72396,26.70766,3.8553838492295407
124,139,Shot Chart Detail,21500092,474,201939,Stephen Curry,1610612744,Golden State Warriors,4,5,43,Made Shot,Jump Shot,3PT Field Goal,Above the Break 3,Center(C),24+ ft.,27,89,24,1,1,20151107,SAC,GSW,Regular,0021500092:4:5:43,-2,0.0,201956.0,Omri Casspi,89.2752,27.99455,3.713167002721531
125,140,Shot Chart Detail,21500092,529,201939,Stephen Curry,1610612744,Golden State Warriors,4,0,42,Made Shot,Jump Shot,3PT Field Goal,Left Corner 3,Left Side(L),24+ ft.,23,86,2,1,1,20151107,SAC,GSW,Regular,0021500092:4:0:42,-9,0.0,201585.0,Kosta Koufos,85.79044,8.56312,6.387942372290157
126,141,Shot Chart Detail,21500104,8,201939,Stephen Curry,1610612744,Golden State Warriors,1,10,46,Made Shot,Step Back Jump shot,2PT Field Goal,In The Paint (Non-RA),Center(C),8-16 ft.,9,25,26,1,1,20151109,GSW,DET,Regular,0021500104:1:10:46,TIE,1.0,202694.0,Marcus Morris,17.84191,26.94967,7.253174801457637
127,142,Shot Chart Detail,21500104,58,201939,Stephen Curry,1610612744,Golden State Warriors,1,4,18,Missed Shot,Floating Jump shot,2PT Field Goal,In The Paint (Non-RA),Center(C),Less Than 8 ft.,4,5,27,1,0,20151109,GSW,DET,Regular,0021500104:1:4:18,4,1.0,101141.0,Ersan Ilyasova,5.62785,29.71945,1.9835756360673498
128,143,Shot Chart Detail,21500104,65,201939,Stephen Curry,1610612744,Golden State Warriors,1,3,44,Missed Shot,Step Back Jump shot,2PT Field Goal,Mid-Range,Right Side(R),8-16 ft.,15,3,2,1,0,20151109,GSW,DET,Regular,0021500104:1:3:44,6,1.0,101141.0,Ersan Ilyasova,2.09717,6.06119,3.4324776900804466
129,144,Shot Chart Detail,21500104,86,201939,Stephen Curry,1610612744,Golden State Warriors,1,2,8,Missed Shot,Floating Jump shot,2PT Field Goal,Mid-Range,Right Side(R),8-16 ft.,12,12,26,1,0,20151109,GSW,DET,Regular,0021500104:1:2:08,5,1.0,203083.0,Andre Drummond,9.30669,26.60415,3.614164913572705
130,145,Shot Chart Detail,21500104,93,201939,Stephen Curry,1610612744,Golden State Warriors,1,1,34,Missed Shot,Step Back Jump shot,3PT Field Goal,Left Corner 3,Left Side(L),24+ ft.,23,19,45,1,0,20151109,GSW,DET,Regular,0021500104:1:1:34,5,1.0,2581.0,Steve Blake,6.29198,38.01685,14.79752605228658
131,146,Shot Chart Detail,21500104,159,201939,Stephen Curry,1610612744,Golden State Warriors,2,7,25,Made Shot,Pullup Jump shot,3PT Field Goal,Above the Break 3,Left Side Center(LC),24+ ft.,25,17,47,1,1,20151109,GSW,DET,Regular,0021500104:2:7:25,5,1.0,202694.0,Marcus Morris,18.82051,47.02283,1.672254379841777
132,147,Shot Chart Detail,21500104,167,201939,Stephen Curry,1610612744,Golden State Warriors,2,6,25,Missed Shot,Floating Jump shot,2PT Field Goal,Mid-Range,Left Side Center(LC),16-24 ft.,16,22,34,1,0,20151109,GSW,DET,Regular,0021500104:2:6:25,6,1.0,203484.0,Kentavious Caldwell-Pope,21.05823,27.61983,6.562403569249612
133,148,Shot Chart Detail,21500104,189,201939,Stephen Curry,1610612744,Golden State Warriors,2,4,44,Made Shot,Driving Finger Roll Layup Shot,2PT Field Goal,Restricted Area,Center(C),Less Than 8 ft.,2,1,22,1,1,20151109,GSW,DET,Regular,0021500104:2:4:44,6,1.0,1626169.0,Stanley Johnson,2.6398,23.31714,1.567638699094915
134,149,Shot Chart Detail,21500104,192,201939,Stephen Curry,1610612744,Golden State Warriors,2,4,8,Missed Shot,Pullup Jump shot,3PT Field Goal,Above the Break 3,Right Side Center(RC),24+ ft.,24,13,7,1,0,20151109,GSW,DET,Regular,0021500104:2:4:08,6,1.0,1626169.0,Stanley Johnson,13.40499,7.8775,0.11928183181021396
135,150,Shot Chart Detail,21500104,239,201939,Stephen Curry,1610612744,Golden State Warriors,2,0,7,Made Shot,Driving Finger Roll Layup Shot,2PT Field Goal,Restricted Area,Center(C),Less Than 8 ft.,2,8,23,1,1,20151109,GSW,DET,Regular,0021500104:2:0:07,9,1.0,101141.0,Ersan Ilyasova,10.36796,21.61611,2.1165676556160467
136,151,Shot Chart Detail,21500104,258,201939,Stephen Curry,1610612744,Golden State Warriors,3,10,13,Missed Shot,Running Jump Shot,2PT Field Goal,Restricted Area,Center(C),Less Than 8 ft.,3,88,23,1,0,20151109,GSW,DET,Regular,0021500104:3:10:13,11,1.0,203484.0,Kentavious Caldwell-Pope,87.1741,23.36426,1.6830690767167058
137,152,Shot Chart Detail,21500104,260,201939,Stephen Curry,1610612744,Golden State Warriors,3,10,9,Missed Shot,Jump Shot,3PT Field Goal,Left Corner 3,Left Side(L),24+ ft.,22,87,2,1,0,20151109,GSW,DET,Regular,0021500104:3:10:09,11,1.0,202704.0,Reggie Jackson,92.93605,1.34071,5.154800166543793
138,153,Shot Chart Detail,21500104,273,201939,Stephen Curry,1610612744,Golden State Warriors,3,8,40,Made Shot,Jump Bank Shot,3PT Field Goal,Above the Break 3,Right Side Center(RC),24+ ft.,26,55,37,1,1,20151109,GSW,DET,Regular,0021500104:3:8:40,12,1.0,203484.0,Kentavious Caldwell-Pope,53.33854,40.91788,4.334774035921588
139,154,Shot Chart Detail,21500104,315,201939,Stephen Curry,1610612744,Golden State Warriors,3,4,37,Missed Shot,Jump Shot,3PT Field Goal,Above the Break 3,Right Side Center(RC),24+ ft.,24,65,42,1,0,20151109,GSW,DET,Regular,0021500104:3:4:37,12,1.0,203484.0,Kentavious Caldwell-Pope,55.39464,44.46757,9.803091493161729
140,155,Shot Chart Detail,21500104,350,201939,Stephen Curry,1610612744,Golden State Warriors,3,1,52,Missed Shot,Layup Shot,2PT Field Goal,Restricted Area,Center(C),Less Than 8 ft.,2,91,29,1,0,20151109,GSW,DET,Regular,0021500104:3:1:52,6,1.0,202694.0,Marcus Morris,91.70788,29.81469,0.0789463982712321
141,156,Shot Chart Detail,21500104,356,201939,Stephen Curry,1610612744,Golden State Warriors,3,1,4,Missed Shot,Jump Shot,2PT Field Goal,Mid-Range,Right Side Center(RC),16-24 ft.,18,86,29,1,0,20151109,GSW,DET,Regular,0021500104:3:1:04,6,1.0,1626169.0,Stanley Johnson,85.97883,28.80401,0.7302774423463931
142,157,Shot Chart Detail,21500104,373,201939,Stephen Curry,1610612744,Golden State Warriors,3,0,15,Made Shot,Driving Layup Shot,2PT Field Goal,Restricted Area,Center(C),Less Than 8 ft.,1,91,27,1,1,20151109,GSW,DET,Regular,0021500104:3:0:15,6,1.0,203083.0,Andre Drummond,87.16482,26.70712,4.231291823367885
143,158,Shot Chart Detail,21500104,444,201939,Stephen Curry,1610612744,Golden State Warriors,4,4,1,Made Shot,Pullup Jump shot,3PT Field Goal,Above the Break 3,Center(C),24+ ft.,25,62,19,1,1,20151109,GSW,DET,Regular,0021500104:4:4:01,17,1.0,203083.0,Andre Drummond,66.48571,21.33533,4.732135199357682
144,159,Shot Chart Detail,21500120,9,201939,Stephen Curry,1610612744,Golden State Warriors,1,10,37,Made Shot,Driving Layup Shot,2PT Field Goal,Restricted Area,Center(C),Less Than 8 ft.,2,2,22,1,1,20151111,MEM,GSW,Regular,0021500120:1:10:37,-4,0.0,201188.0,Marc Gasol,5.57951,24.52865,3.632611269321286
145,160,Shot Chart Detail,21500120,22,201939,Stephen Curry,1610612744,Golden State Warriors,1,9,31,Missed Shot,Step Back Jump shot,3PT Field Goal,Above the Break 3,Left Side Center(LC),24+ ft.,25,24,41,1,0,20151111,MEM,GSW,Regular,0021500120:1:9:31,-2,0.0,201144.0,Mike Conley,24.33905,41.0907,0.26383959407185137
146,161,Shot Chart Detail,21500120,30,201939,Stephen Curry,1610612744,Golden State Warriors,1,8,34,Made Shot,Jump Shot,3PT Field Goal,Left Corner 3,Left Side(L),24+ ft.,23,13,48,1,1,20151111,MEM,GSW,Regular,0021500120:1:8:34,-2,0.0,201144.0,Mike Conley,6.72808,49.07075,7.140225052769695
147,162,Shot Chart Detail,21500120,79,201939,Stephen Curry,1610612744,Golden State Warriors,1,3,42,Missed Shot,Jump Shot,3PT Field Goal,Above the Break 3,Left Side Center(LC),24+ ft.,26,27,42,1,0,20151111,MEM,GSW,Regular,0021500120:1:3:42,-7,0.0,201144.0,Mike Conley,30.60849,47.03628,5.875149113426822
148,163,Shot Chart Detail,21500120,94,201939,Stephen Curry,1610612744,Golden State Warriors,1,2,31,Missed Shot,Jump Bank Shot,2PT Field Goal,Mid-Range,Right Side(R),16-24 ft.,19,4,9,1,0,20151111,MEM,GSW,Regular,0021500120:1:2:31,-5,0.0,201188.0,Marc Gasol,8.83064,14.30886,6.003774612433414
149,164,Shot Chart Detail,21500120,219,201939,Stephen Curry,1610612744,Golden State Warriors,2,3,52,Missed Shot,Jump Shot,3PT Field Goal,Above the Break 3,Right Side Center(RC),24+ ft.,25,25,10,1,0,20151111,MEM,GSW,Regular,0021500120:2:3:52,-9,0.0,201584.0,Courtney Lee,25.07383,11.97699,1.6218166666426892
150,165,Shot Chart Detail,21500120,232,201939,Stephen Curry,1610612744,Golden State Warriors,2,3,1,Made Shot,Running Finger Roll Layup Shot,2PT Field Goal,Restricted Area,Center(C),Less Than 8 ft.,1,1,26,1,1,20151111,MEM,GSW,Regular,0021500120:2:3:01,-9,0.0,203210.0,JaMychal Green,8.13423,28.75303,6.650395484247535
151,166,Shot Chart Detail,21500120,252,201939,Stephen Curry,1610612744,Golden State Warriors,2,2,19,Missed Shot,Driving Layup Shot,2PT Field Goal,Restricted Area,Center(C),Less Than 8 ft.,2,0,27,1,0,20151111,MEM,GSW,Regular,0021500120:2:2:19,-6,0.0,201188.0,Marc Gasol,2.5608,23.20801,4.672541964124025
152,167,Shot Chart Detail,21500120,285,201939,Stephen Curry,1610612744,Golden State Warriors,2,0,4,Missed Shot,Jump Shot,3PT Field Goal,Above the Break 3,Center(C),24+ ft.,26,39,24,1,0,20151111,MEM,GSW,Regular,0021500120:2:0:04,-6,0.0,2754.0,Tony Allen,27.2194,19.28164,13.099289378149486
153,168,Shot Chart Detail,21500120,301,201939,Stephen Curry,1610612744,Golden State Warriors,3,11,2,Missed Shot,Pullup Bank shot,2PT Field Goal,Mid-Range,Left Side(L),8-16 ft.,10,81,13,1,0,20151111,MEM,GSW,Regular,0021500120:3:11:02,-6,0.0,201144.0,Mike Conley,83.18477,13.47468,1.9601090876020089
154,169,Shot Chart Detail,21500120,312,201939,Stephen Curry,1610612744,Golden State Warriors,3,9,54,Made Shot,Running Layup Shot,2PT Field Goal,Restricted Area,Center(C),Less Than 8 ft.,1,44,20,1,1,20151111,MEM,GSW,Regular,0021500120:3:9:54,-10,0.0,201144.0,Mike Conley,42.9065,12.00572,8.244261628187207
155,170,Shot Chart Detail,21500120,337,201939,Stephen Curry,1610612744,Golden State Warriors,3,7,8,Missed Shot,Jump Shot,3PT Field Goal,Above the Break 3,Left Side Center(LC),24+ ft.,25,60,10,1,0,20151111,MEM,GSW,Regular,0021500120:3:7:08,-7,0.0,201584.0,Courtney Lee,64.10759,7.67764,4.595734802096399
156,171,Shot Chart Detail,21500120,344,201939,Stephen Curry,1610612744,Golden State Warriors,3,6,31,Missed Shot,Jump Shot,2PT Field Goal,Mid-Range,Right Side Center(RC),16-24 ft.,21,75,40,1,0,20151111,MEM,GSW,Regular,0021500120:3:6:31,-5,0.0,201188.0,Marc Gasol,71.00736,38.02097,4.524429190118905
157,172,Shot Chart Detail,21500120,379,201939,Stephen Curry,1610612744,Golden State Warriors,3,4,15,Missed Shot,Pullup Jump shot,2PT Field Goal,Mid-Range,Center(C),16-24 ft.,21,75,24,1,0,20151111,MEM,GSW,Regular,0021500120:3:4:15,-2,0.0,203893.0,Russ Smith,76.50425,26.66562,2.4034392544435166
158,173,Shot Chart Detail,21500120,406,201939,Stephen Curry,1610612744,Golden State Warriors,3,2,48,Made Shot,Driving Finger Roll Layup Shot,2PT Field Goal,Restricted Area,Center(C),Less Than 8 ft.,1,85,15,1,1,20151111,MEM,GSW,Regular,0021500120:3:2:48,-4,0.0,2216.0,Zach Randolph,84.16074,19.44001,4.061443206263016
159,174,Shot Chart Detail,21500120,408,201939,Stephen Curry,1610612744,Golden State Warriors,3,2,26,Made Shot,Driving Bank shot,3PT Field Goal,Above the Break 3,Left Side Center(LC),24+ ft.,28,65,18,1,1,20151111,MEM,GSW,Regular,0021500120:3:2:26,-7,0.0,203210.0,JaMychal Green,57.90473,25.32217,10.494402341105475
160,175,Shot Chart Detail,21500120,429,201939,Stephen Curry,1610612744,Golden State Warriors,3,1,19,Missed Shot,Jump Shot,3PT Field Goal,Above the Break 3,Right Side Center(RC),24+ ft.,28,66,41,1,0,20151111,MEM,GSW,Regular,0021500120:3:1:19,-9,0.0,203893.0,Russ Smith,67.08658,39.64174,1.6756560613682054
161,176,Shot Chart Detail,21500120,439,201939,Stephen Curry,1610612744,Golden State Warriors,3,0,13,Made Shot,Driving Layup Shot,2PT Field Goal,Restricted Area,Center(C),Less Than 8 ft.,1,84,29,1,1,20151111,MEM,GSW,Regular,0021500120:3:0:13,-7,0.0,2440.0,Matt Barnes,86.30829,31.07145,2.6841798063840603
162,177,Shot Chart Detail,21500120,444,201939,Stephen Curry,1610612744,Golden State Warriors,3,0,0,Made Shot,Running Jump Shot,3PT Field Goal,Above the Break 3,Left Side Center(LC),24+ ft.,39,40,3,1,1,20151111,MEM,GSW,Regular,0021500120:3:0:00,-11,0.0,203893.0,Russ Smith,38.18282,3.2306,2.4694179384016786
163,178,Shot Chart Detail,21500120,502,201939,Stephen Curry,1610612744,Golden State Warriors,4,5,32,Missed Shot,Jump Shot,3PT Field Goal,Left Corner 3,Left Side(L),24+ ft.,22,90,1,1,0,20151111,MEM,GSW,Regular,0021500120:4:5:32,-13,0.0,201144.0,Mike Conley,92.75039,3.16667,2.444569210658598
164,179,Shot Chart Detail,21500120,544,201939,Stephen Curry,1610612744,Golden State Warriors,4,2,37,Made Shot,Running Finger Roll Layup Shot,2PT Field Goal,Restricted Area,Center(C),Less Than 8 ft.,0,72,21,1,1,20151111,MEM,GSW,Regular,0021500120:4:2:37,-20,0.0,201144.0,Mike Conley,72.37489,26.41789,5.342760258527423
165,180,Shot Chart Detail,21500125,7,201939,Stephen Curry,1610612744,Golden State Warriors,1,10,54,Made Shot,Jump Shot,3PT Field Goal,Above the Break 3,Left Side Center(LC),24+ ft.,27,33,40,1,1,20151112,MIN,GSW,Regular,0021500125:1:10:54,-7,0.0,203897.0,Zach LaVine,31.57343,44.6556,4.8662895241960245
166,181,Shot Chart Detail,21500125,19,201939,Stephen Curry,1610612744,Golden State Warriors,1,9,48,Made Shot,Jump Shot,3PT Field Goal,Left Corner 3,Left Side(L),24+ ft.,24,18,48,1,1,20151112,MIN,GSW,Regular,0021500125:1:9:48,-11,0.0,203897.0,Zach LaVine,6.69065,47.16113,11.426149878349225
167,182,Shot Chart Detail,21500125,36,201939,Stephen Curry,1610612744,Golden State Warriors,1,8,7,Missed Shot,Layup Shot,2PT Field Goal,Restricted Area,Center(C),Less Than 8 ft.,2,-6,28,1,0,20151112,MIN,GSW,Regular,0021500125:1:8:07,-9,0.0,1626157.0,Karl-Anthony Towns,2.4551,31.04837,8.965197113928951
168,183,Shot Chart Detail,21500125,47,201939,Stephen Curry,1610612744,Golden State Warriors,1,6,51,Made Shot,Jump Shot,3PT Field Goal,Left Corner 3,Left Side(L),24+ ft.,24,6,48,1,1,20151112,MIN,GSW,Regular,0021500125:1:6:51,-12,0.0,203897.0,Zach LaVine,11.63378,38.12666,11.705299651875642
169,184,Shot Chart Detail,21500125,85,201939,Stephen Curry,1610612744,Golden State Warriors,1,3,38,Made Shot,Pullup Jump shot,2PT Field Goal,Mid-Range,Right Side Center(RC),16-24 ft.,17,11,2,1,1,20151112,MIN,GSW,Regular,0021500125:1:3:38,-13,0.0,203897.0,Zach LaVine,6.40002,15.6135,13.839836349682752
170,185,Shot Chart Detail,21500125,99,201939,Stephen Curry,1610612744,Golden State Warriors,1,2,13,Missed Shot,Jump Shot,3PT Field Goal,Right Corner 3,Right Side(R),24+ ft.,23,0,0,1,0,20151112,MIN,GSW,Regular,0021500125:1:2:13,-14,0.0,1889.0,Andre Miller,0.29933,0.24066,0.3207696357200912
171,186,Shot Chart Detail,21500125,104,201939,Stephen Curry,1610612744,Golden State Warriors,1,1,50,Made Shot,Layup Shot,2PT Field Goal,Restricted Area,Center(C),Less Than 8 ft.,0,7,20,1,1,20151112,MIN,GSW,Regular,0021500125:1:1:50,-14,0.0,203952.0,Andrew Wiggins,11.92064,18.27898,4.774588446117633
172,187,Shot Chart Detail,21500125,108,201939,Stephen Curry,1610612744,Golden State Warriors,1,0,53,Missed Shot,Floating Jump shot,2PT Field Goal,In The Paint (Non-RA),Center(C),Less Than 8 ft.,6,8,19,1,0,20151112,MIN,GSW,Regular,0021500125:1:0:53,-12,0.0,203476.0,Gorgui Dieng,8.21673,20.84741,1.7504137134403395
173,188,Shot Chart Detail,21500125,114,201939,Stephen Curry,1610612744,Golden State Warriors,1,0,12,Made Shot,Jump Shot,3PT Field Goal,Above the Break 3,Right Side Center(RC),24+ ft.,24,26,10,1,1,20151112,MIN,GSW,Regular,0021500125:1:0:12,-13,0.0,203498.0,Shabazz Muhammad,26.46847,13.21165,3.189897993431765
174,189,Shot Chart Detail,21500125,212,201939,Stephen Curry,1610612744,Golden State Warriors,2,4,13,Missed Shot,Jump Shot,3PT Field Goal,Above the Break 3,Left Side Center(LC),24+ ft.,27,23,44,1,0,20151112,MIN,GSW,Regular,0021500125:2:4:13,-12,0.0,203897.0,Zach LaVine,20.89745,45.34967,2.9954362213373864
175,190,Shot Chart Detail,21500125,218,201939,Stephen Curry,1610612744,Golden State Warriors,2,3,25,Made Shot,Floating Jump shot,2PT Field Goal,In The Paint (Non-RA),Center(C),8-16 ft.,11,12,26,1,1,20151112,MIN,GSW,Regular,0021500125:2:3:25,-14,0.0,202357.0,Nemanja Bjelica,10.17199,25.33298,2.7837518696356556
176,191,Shot Chart Detail,21500125,253,201939,Stephen Curry,1610612744,Golden State Warriors,2,0,0,Made Shot,Driving Layup Shot,2PT Field Goal,Restricted Area,Center(C),Less Than 8 ft.,2,7,21,1,1,20151112,MIN,GSW,Regular,0021500125:2:0:00,-12,0.0,1626157.0,Karl-Anthony Towns,6.32746,23.80302,2.2354929621226716
177,192,Shot Chart Detail,21500125,293,201939,Stephen Curry,1610612744,Golden State Warriors,3,8,33,Missed Shot,Jump Shot,2PT Field Goal,Mid-Range,Left Side(L),16-24 ft.,21,88,2,1,0,20151112,MIN,GSW,Regular,0021500125:3:8:33,-10,0.0,203897.0,Zach LaVine,87.55804,3.10162,1.0454964206538409
178,193,Shot Chart Detail,21500125,317,201939,Stephen Curry,1610612744,Golden State Warriors,3,6,0,Missed Shot,Layup Shot,2PT Field Goal,Restricted Area,Center(C),Less Than 8 ft.,0,80,33,1,0,20151112,MIN,GSW,Regular,0021500125:3:6:00,-14,0.0,708.0,Kevin Garnett,84.87154,26.32813,8.502322580248292
179,194,Shot Chart Detail,21500125,326,201939,Stephen Curry,1610612744,Golden State Warriors,3,5,17,Made Shot,Jump Shot,2PT Field Goal,Mid-Range,Right Side Center(RC),16-24 ft.,16,75,30,1,1,20151112,MIN,GSW,Regular,0021500125:3:5:17,-14,0.0,1889.0,Andre Miller,75.16417,33.73748,2.847178037021918
180,195,Shot Chart Detail,21500125,365,201939,Stephen Curry,1610612744,Golden State Warriors,3,3,6,Made Shot,Jump Shot,3PT Field Goal,Above the Break 3,Right Side Center(RC),24+ ft.,25,61,33,1,1,20151112,MIN,GSW,Regular,0021500125:3:3:06,-18,0.0,1889.0,Andre Miller,67.6564,32.57415,6.017572871922704
181,196,Shot Chart Detail,21500125,367,201939,Stephen Curry,1610612744,Golden State Warriors,3,2,39,Made Shot,Jump Shot,3PT Field Goal,Above the Break 3,Right Side Center(RC),24+ ft.,24,66,45,1,1,20151112,MIN,GSW,Regular,0021500125:3:2:39,-21,0.0,203952.0,Andrew Wiggins,66.83165,48.62364,3.125883844930904
182,197,Shot Chart Detail,21500125,369,201939,Stephen Curry,1610612744,Golden State Warriors,3,2,1,Missed Shot,Jump Shot,3PT Field Goal,Above the Break 3,Center(C),24+ ft.,25,65,14,1,0,20151112,MIN,GSW,Regular,0021500125:3:2:01,-19,0.0,1889.0,Andre Miller,64.52998,16.31413,2.104368085910828
183,198,Shot Chart Detail,21500125,385,201939,Stephen Curry,1610612744,Golden State Warriors,3,0,25,Missed Shot,Floating Jump shot,2PT Field Goal,In The Paint (Non-RA),Center(C),8-16 ft.,9,81,20,1,0,20151112,MIN,GSW,Regular,0021500125:3:0:25,-12,0.0,202357.0,Nemanja Bjelica,83.0349,20.81759,1.3026244109488991
184,199,Shot Chart Detail,21500125,454,201939,Stephen Curry,1610612744,Golden State Warriors,4,5,51,Made Shot,Jump Shot,3PT Field Goal,Above the Break 3,Center(C),24+ ft.,26,54,19,1,1,20151112,MIN,GSW,Regular,0021500125:4:5:51,-9,0.0,203952.0,Andrew Wiggins,62.4579,27.22019,10.57885520714789
185,200,Shot Chart Detail,21500125,456,201939,Stephen Curry,1610612744,Golden State Warriors,4,5,23,Made Shot,Jump Shot,2PT Field Goal,Mid-Range,Right Side Center(RC),16-24 ft.,17,65,36,1,1,20151112,MIN,GSW,Regular,0021500125:4:5:23,-9,0.0,1626157.0,Karl-Anthony Towns,70.89994,35.65116,5.585793562825248
186,201,Shot Chart Detail,21500125,458,201939,Stephen Curry,1610612744,Golden State Warriors,4,4,58,Missed Shot,Jump Shot,3PT Field Goal,Above the Break 3,Right Side Center(RC),24+ ft.,26,72,44,1,0,20151112,MIN,GSW,Regular,0021500125:4:4:58,-6,0.0,1626157.0,Karl-Anthony Towns,72.95942,41.99067,2.6522478298416985
187,202,Shot Chart Detail,21500125,485,201939,Stephen Curry,1610612744,Golden State Warriors,4,2,54,Missed Shot,Jump Shot,3PT Field Goal,Above the Break 3,Left Side Center(LC),24+ ft.,27,64,3,1,0,20151112,MIN,GSW,Regular,0021500125:4:2:54,-11,0.0,1626157.0,Karl-Anthony Towns,65.17812,5.40514,2.0631774974053996
188,203,Shot Chart Detail,21500125,503,201939,Stephen Curry,1610612744,Golden State Warriors,4,1,55,Made Shot,Jump Bank Shot,2PT Field Goal,Mid-Range,Right Side Center(RC),16-24 ft.,18,74,44,1,1,20151112,MIN,GSW,Regular,0021500125:4:1:55,-10,0.0,2755.0,Kevin Martin,77.47319,38.71148,6.258972555531778
189,204,Shot Chart Detail,21500125,527,201939,Stephen Curry,1610612744,Golden State Warriors,4,0,29,Made Shot,Jump Shot,3PT Field Goal,Above the Break 3,Center(C),24+ ft.,26,58,23,1,1,20151112,MIN,GSW,Regular,0021500125:4:0:29,-13,0.0,1626145.0,Tyus Jones,67.27662,26.24182,8.592779399216528
190,205,Shot Chart Detail,21500144,3,201939,Stephen Curry,1610612744,Golden State Warriors,1,11,26,Made Shot,Driving Floating Jump Shot,2PT Field Goal,In The Paint (Non-RA),Center(C),Less Than 8 ft.,6,87,32,1,1,20151114,GSW,BKN,Regular,0021500144:1:11:26,TIE,1.0,2207.0,Joe Johnson,84.6029,30.3802,3.825427334468663
191,206,Shot Chart Detail,21500144,5,201939,Stephen Curry,1610612744,Golden State Warriors,1,10,51,Missed Shot,Jump Shot,3PT Field Goal,Above the Break 3,Left Side Center(LC),24+ ft.,26,77,0,1,0,20151114,GSW,BKN,Regular,0021500144:1:10:51,-2,1.0,2207.0,Joe Johnson,73.52449,2.31087,4.643063314493998
192,207,Shot Chart Detail,21500144,14,201939,Stephen Curry,1610612744,Golden State Warriors,1,10,3,Missed Shot,Jump Shot,3PT Field Goal,Right Corner 3,Right Side(R),24+ ft.,22,94,51,1,0,20151114,GSW,BKN,Regular,0021500144:1:10:03,-2,1.0,201572.0,Brook Lopez,89.87579,47.57292,6.153543149739022
193,208,Shot Chart Detail,21500144,28,201939,Stephen Curry,1610612744,Golden State Warriors,1,7,21,Missed Shot,Pullup Jump shot,3PT Field Goal,Above the Break 3,Center(C),24+ ft.,26,61,16,1,0,20151114,GSW,BKN,Regular,0021500144:1:7:21,-5,1.0,201152.0,Thaddeus Young,60.06417,17.5873,1.8722175569361643
194,209,Shot Chart Detail,21500144,36,201939,Stephen Curry,1610612744,Golden State Warriors,1,6,11,Missed Shot,Running Layup Shot,2PT Field Goal,Restricted Area,Center(C),Less Than 8 ft.,2,93,19,1,0,20151114,GSW,BKN,Regular,0021500144:1:6:11,-4,1.0,201572.0,Brook Lopez,89.16664,30.76537,11.930253520261003
195,210,Shot Chart Detail,21500144,60,201939,Stephen Curry,1610612744,Golden State Warriors,1,3,27,Made Shot,Pullup Jump shot,3PT Field Goal,Above the Break 3,Left Side Center(LC),24+ ft.,26,74,-1,1,1,20151114,GSW,BKN,Regular,0021500144:1:3:27,-11,1.0,101127.0,Jarrett Jack,74.53635,2.80727,4.452242602913727
196,211,Shot Chart Detail,21500144,73,201939,Stephen Curry,1610612744,Golden State Warriors,1,2,13,Missed Shot,Driving Floating Jump Shot,2PT Field Goal,In The Paint (Non-RA),Center(C),Less Than 8 ft.,7,86,28,1,0,20151114,GSW,BKN,Regular,0021500144:1:2:13,-13,1.0,101127.0,Jarrett Jack,84.48198,28.49718,2.357510336138531
197,212,Shot Chart Detail,21500144,91,201939,Stephen Curry,1610612744,Golden State Warriors,1,0,30,Missed Shot,Jump Shot,3PT Field Goal,Above the Break 3,Right Side Center(RC),24+ ft.,25,42,40,1,0,20151114,GSW,BKN,Regular,0021500144:1:0:30,-15,1.0,1626178.0,Rondae Hollis-Jefferson,50.00273,38.73362,7.808813431123835
198,213,Shot Chart Detail,21500144,97,201939,Stephen Curry,1610612744,Golden State Warriors,1,0,1,Missed Shot,Pullup Jump shot,2PT Field Goal,Mid-Range,Left Side(L),16-24 ft.,19,88,1,1,0,20151114,GSW,BKN,Regular,0021500144:1:0:01,-15,1.0,202711.0,Bojan Bogdanovic,84.22466,6.5656,6.213271477877008
199,214,Shot Chart Detail,21500144,196,201939,Stephen Curry,1610612744,Golden State Warriors,2,3,9,Made Shot,Pullup Jump shot,3PT Field Goal,Above the Break 3,Center(C),24+ ft.,25,67,16,1,1,20151114,GSW,BKN,Regular,0021500144:2:3:09,-1,1.0,101127.0,Jarrett Jack,68.51037,14.66617,2.0794227193382304
200,215,Shot Chart Detail,21500144,219,201939,Stephen Curry,1610612744,Golden State Warriors,2,0,37,Made Shot,Jump Shot,2PT Field Goal,Mid-Range,Left Side Center(LC),16-24 ft.,17,77,10,1,1,20151114,GSW,BKN,Regular,0021500144:2:0:37,-1,1.0,101127.0,Jarrett Jack,80.25288,12.91087,3.656357819155559
201,216,Shot Chart Detail,21500144,247,201939,Stephen Curry,1610612744,Golden State Warriors,3,10,28,Missed Shot,Fadeaway Jump Shot,3PT Field Goal,Above the Break 3,Left Side Center(LC),24+ ft.,25,29,36,1,0,20151114,GSW,BKN,Regular,0021500144:3:10:28,-3,1.0,101127.0,Jarrett Jack,21.74772,36.01243,7.667858909917422
202,217,Shot Chart Detail,21500144,250,201939,Stephen Curry,1610612744,Golden State Warriors,3,10,2,Made Shot,Driving Finger Roll Layup Shot,2PT Field Goal,Restricted Area,Center(C),Less Than 8 ft.,2,2,21,1,1,20151114,GSW,BKN,Regular,0021500144:3:10:02,-3,1.0,1626178.0,Rondae Hollis-Jefferson,5.21044,26.55915,5.75619560630109
203,218,Shot Chart Detail,21500144,255,201939,Stephen Curry,1610612744,Golden State Warriors,3,9,28,Made Shot,Pullup Jump shot,2PT Field Goal,Mid-Range,Right Side Center(RC),16-24 ft.,20,29,3,1,1,20151114,GSW,BKN,Regular,0021500144:3:9:28,-1,1.0,101127.0,Jarrett Jack,12.25845,15.23286,20.483653762395516
204,219,Shot Chart Detail,21500144,265,201939,Stephen Curry,1610612744,Golden State Warriors,3,7,43,Missed Shot,Pullup Jump shot,3PT Field Goal,Above the Break 3,Left Side Center(LC),24+ ft.,27,33,30,1,0,20151114,GSW,BKN,Regular,0021500144:3:7:43,-5,1.0,101127.0,Jarrett Jack,25.54302,30.28873,7.612801243543671
205,220,Shot Chart Detail,21500144,281,201939,Stephen Curry,1610612744,Golden State Warriors,3,5,35,Made Shot,Driving Floating Bank Jump Shot,2PT Field Goal,Mid-Range,Right Side(R),8-16 ft.,10,67,27,1,1,20151114,GSW,BKN,Regular,0021500144:3:5:35,-4,1.0,101127.0,Jarrett Jack,60.96553,23.05228,8.020323347347041
206,221,Shot Chart Detail,21500144,304,201939,Stephen Curry,1610612744,Golden State Warriors,3,3,13,Made Shot,Step Back Jump shot,3PT Field Goal,Above the Break 3,Left Side Center(LC),24+ ft.,25,25,43,1,1,20151114,GSW,BKN,Regular,0021500144:3:3:13,-3,1.0,101127.0,Jarrett Jack,19.26717,41.87765,5.917287438632669
207,222,Shot Chart Detail,21500144,316,201939,Stephen Curry,1610612744,Golden State Warriors,3,2,9,Made Shot,Driving Floating Jump Shot,2PT Field Goal,In The Paint (Non-RA),Center(C),Less Than 8 ft.,4,4,23,1,1,20151114,GSW,BKN,Regular,0021500144:3:2:09,-3,1.0,2207.0,Joe Johnson,7.04225,26.74573,4.379608885391478
208,223,Shot Chart Detail,21500144,323,201939,Stephen Curry,1610612744,Golden State Warriors,3,1,11,Missed Shot,Pullup Jump shot,3PT Field Goal,Above the Break 3,Right Side Center(RC),24+ ft.,26,31,6,1,0,20151114,GSW,BKN,Regular,0021500144:3:1:11,-3,1.0,101127.0,Jarrett Jack,18.9267,21.5986,19.6113770253009
209,224,Shot Chart Detail,21500144,330,201939,Stephen Curry,1610612744,Golden State Warriors,3,0,30,Missed Shot,Jump Shot,3PT Field Goal,Above the Break 3,Right Side Center(RC),24+ ft.,25,28,8,1,0,20151114,GSW,BKN,Regular,0021500144:3:0:30,-5,1.0,202711.0,Bojan Bogdanovic,27.51993,21.60471,13.251281812266315
210,225,Shot Chart Detail,21500144,332,201939,Stephen Curry,1610612744,Golden State Warriors,3,0,25,Missed Shot,Pullup Bank shot,3PT Field Goal,Above the Break 3,Center(C),24+ ft.,26,31,9,1,0,20151114,GSW,BKN,Regular,0021500144:3:0:25,-5,1.0,101127.0,Jarrett Jack,23.5807,17.6336,11.410298759476023
211,226,Shot Chart Detail,21500144,374,201939,Stephen Curry,1610612744,Golden State Warriors,4,7,27,Made Shot,Pullup Jump shot,3PT Field Goal,Above the Break 3,Left Side Center(LC),24+ ft.,25,19,46,1,1,20151114,GSW,BKN,Regular,0021500144:4:7:27,-4,1.0,101127.0,Jarrett Jack,20.80085,43.85733,2.653030623645346
212,227,Shot Chart Detail,21500144,377,201939,Stephen Curry,1610612744,Golden State Warriors,4,6,54,Missed Shot,Floating Jump shot,2PT Field Goal,In The Paint (Non-RA),Center(C),8-16 ft.,8,9,19,1,0,20151114,GSW,BKN,Regular,0021500144:4:6:54,-4,1.0,203499.0,Shane Larkin,9.32618,21.70603,2.6259437524250178
213,228,Shot Chart Detail,21500144,389,201939,Stephen Curry,1610612744,Golden State Warriors,4,6,28,Missed Shot,Jump Shot,3PT Field Goal,Above the Break 3,Right Side Center(RC),24+ ft.,24,17,6,1,0,20151114,GSW,BKN,Regular,0021500144:4:6:28,-6,1.0,201961.0,Wayne Ellington,29.07653,4.04561,11.357459628385216
214,229,Shot Chart Detail,21500144,397,201939,Stephen Curry,1610612744,Golden State Warriors,4,5,24,Made Shot,Pullup Jump shot,3PT Field Goal,Left Corner 3,Left Side(L),24+ ft.,23,11,48,1,1,20151114,GSW,BKN,Regular,0021500144:4:5:24,-1,1.0,201961.0,Wayne Ellington,19.79591,47.14883,8.37345889050039
215,230,Shot Chart Detail,21500144,409,201939,Stephen Curry,1610612744,Golden State Warriors,4,4,36,Made Shot,Driving Reverse Layup Shot,2PT Field Goal,Restricted Area,Center(C),Less Than 8 ft.,1,3,14,1,1,20151114,GSW,BKN,Regular,0021500144:4:4:36,1,1.0,201152.0,Thaddeus Young,6.83884,23.95997,10.25022182070222
216,231,Shot Chart Detail,21500144,412,201939,Stephen Curry,1610612744,Golden State Warriors,4,4,7,Missed Shot,Pullup Jump shot,2PT Field Goal,Mid-Range,Left Side(L),16-24 ft.,17,24,43,1,0,20151114,GSW,BKN,Regular,0021500144:4:4:07,1,1.0,101127.0,Jarrett Jack,14.87071,37.79142,11.008458693318513
217,232,Shot Chart Detail,21500144,462,201939,Stephen Curry,1610612744,Golden State Warriors,4,0,22,Missed Shot,Running Layup Shot,2PT Field Goal,Restricted Area,Center(C),Less Than 8 ft.,2,0,35,1,0,20151114,GSW,BKN,Regular,0021500144:4:0:22,-1,1.0,101127.0,Jarrett Jack,1.20963,35.1519,0.6481091673476003
218,233,Shot Chart Detail,21500144,499,201939,Stephen Curry,1610612744,Golden State Warriors,5,4,0,Missed Shot,Turnaround Jump Shot,3PT Field Goal,Above the Break 3,Left Side Center(LC),24+ ft.,24,32,44,1,0,20151114,GSW,BKN,Regular,0021500144:5:4:00,2,1.0,101127.0,Jarrett Jack,27.01139,34.53189,11.205919583510322
219,234,Shot Chart Detail,21500144,510,201939,Stephen Curry,1610612744,Golden State Warriors,5,2,5,Made Shot,Driving Dunk Shot,2PT Field Goal,Restricted Area,Center(C),Less Than 8 ft.,0,6,21,1,1,20151114,GSW,BKN,Regular,0021500144:5:2:05,8,1.0,201572.0,Brook Lopez,5.18152,20.32153,2.1758803416088854
220,235,Shot Chart Detail,21500144,522,201939,Stephen Curry,1610612744,Golden State Warriors,5,0,38,Missed Shot,Step Back Jump shot,2PT Field Goal,Mid-Range,Left Side Center(LC),16-24 ft.,17,29,40,1,0,20151114,GSW,BKN,Regular,0021500144:5:0:38,8,1.0,101127.0,Jarrett Jack,13.3841,33.59811,16.913592095592822
